email,userName,first name,last name,password,birthday,user_since,host_since,host_location,about,responseTime,host_response_rate,host_is_superhost,img,host_identity_verified
Rosalie1@gmail.com,Rosalie1,Rosalie,Rosalie,12345678,1/1/1956,1/2/2013,1/2/2013,"Amsterdam, North Holland, The Netherlands",,a few days or more,75%,f,https://a0.muscache.com/im/users/4557482/profile_pic/1438434771/original.jpg?aki_policy=profile_x_medium,t
Evgeny2@gmail.com,Evgeny2,Evgeny,Evgeny,12345678,1/2/1956,9/16/2015,9/16/2015,"Amsterdam, North Holland, Netherlands",,a few days or more,75%,f,https://a0.muscache.com/im/pictures/user/3aed4ad8-d6ae-444e-8366-6b003d090069.jpg?aki_policy=profile_x_medium,f
Jurney3@gmail.com,Jurney3,Jurney,Jurney,12345678,1/3/1956,3/24/2015,3/24/2015,"Amsterdam, North Holland, Netherlands",I am Bege a Norwegian living in Amsterdam travel-enthusiast music and food lover. Friendly and proffesional.  Looking forward to welcoming you here.,within a few hours,75%,t,https://a0.muscache.com/im/pictures/user/26157c10-987e-4607-b088-018ec46066d1.jpg?aki_policy=profile_x_medium,t
Marleen4@gmail.com,Marleen4,Marleen,Marleen,12345678,1/4/1956,5/8/2012,5/8/2012,"Amsterdam, Noord-Holland, The Netherlands",Ik ben een man van 33 single en woonachtig in Amsterdam. Ik ben eigenaar van een uitzendbureau in Amsterdam Centrum en Rotterdam. Ik hou van reizen sporten (golf hardlopen kickboxen). ,a few days or more,75%,f,https://a0.muscache.com/im/users/6508699/profile_pic/1406910585/original.jpg?aki_policy=profile_x_medium,t
Aafje5@gmail.com,Aafje5,Aafje,Aafje,12345678,1/5/1956,11/27/2011,11/27/2011,"Amsterdam, Noord-Holland, The Netherlands",,within an hour,100%,f,https://a0.muscache.com/im/users/1446698/profile_pic/1322417172/original.jpg?aki_policy=profile_x_medium,t
Jurjen6@gmail.com,Jurjen6,Jurjen,Jurjen,12345678,1/6/1956,5/18/2015,5/18/2015,"Amsterdam, North Holland, Netherlands", I'm 23 living in Amsterdam and finishing my master in Political Science.  I love to travel cook read drink wine have cultural nights out and take long hikes. Curious to discover more about what this world has to offer! ,a few days or more,100%,t,https://a0.muscache.com/im/pictures/user/d96cb7d0-b3ee-4970-b925-fe6f96827a76.jpg?aki_policy=profile_x_medium,f
Ekaterina7@gmail.com,Ekaterina7,Ekaterina,Ekaterina,12345678,1/7/1956,5/25/2013,5/25/2013,"Amsterdam, North Holland, The Netherlands",,a few days or more,100%,f,https://a0.muscache.com/im/pictures/user/e195643d-ef2f-4ab8-94ce-3f543dd13ecd.jpg?aki_policy=profile_x_medium,t
Merel8@gmail.com,Merel8,Merel,Merel,12345678,1/8/1956,11/21/2013,11/21/2013,"Culemborg, Gelderland, The Netherlands",,within an hour,75%,f,https://a0.muscache.com/im/users/13214024/profile_pic/1395052566/original.jpg?aki_policy=profile_x_medium,f
Julia9@gmail.com,Julia9,Julia,Julia,12345678,1/9/1956,7/27/2014,7/27/2014,"Eemnes, Utrecht, Netherlands","Hi Everyone

My name is Julien I am a world traveler just like you! I usally travel for work and vacation a lot and learned over the years Amsterdam definitely is a great city to have fun and live in and this is why I like it so much.  

 I love the city of Amsterdam because the city had so much to offer even though it is relatively small. I know the city by heart and know every little bar en restaurant in this city that it nice to experience the real Amsterdam life style. I would love to share this experience  with you and tell you places to go or help you what nice events this city has to offer. 

I",a few days or more,75%,f,https://a0.muscache.com/im/users/2418579/profile_pic/1444577138/original.jpg?aki_policy=profile_x_medium,t
Patrick10@gmail.com,Patrick10,Patrick,Patrick,12345678,1/10/1956,6/12/2013,6/12/2013,"Amsterdam, North Holland, Netherlands", ,within an hour,100%,t,https://a0.muscache.com/im/users/3970623/profile_pic/1419258980/original.jpg?aki_policy=profile_x_medium,t
Eline11@gmail.com,Eline11,Eline,Eline,12345678,1/11/1956,7/25/2017,7/25/2017,"Amsterdam, North Holland, Netherlands",,a few days or more,75%,f,https://a0.muscache.com/im/users/4209869/profile_pic/1378157312/original.jpg?aki_policy=profile_x_medium,f
Myrthe12@gmail.com,Myrthe12,Myrthe,Myrthe,12345678,1/12/1956,7/6/2014,7/6/2014,"Amsterdam, North Holland, The Netherlands",I'm an American who moved to Amsterdam to start my own business.  My boyfriend is Dutch and works as a consultant.  I love going on adventures exploring cities trying different foods building things and working out especially bikram yoga and cross-fit.  I'm excited to meet host guests and share my knowledge of Dutch culture!,a few days or more,100%,f,https://a0.muscache.com/im/users/3136773/profile_pic/1412773858/original.jpg?aki_policy=profile_x_medium,t
Nils13@gmail.com,Nils13,Nils,Nils,12345678,1/13/1956,6/15/2012,6/15/2012,"Amsterdam, Noord-Holland, The Netherlands",Friendly easy going love to help people out and ensure they have a great time! This is an extension to a family home so you will meet me or my (grown up)  daughter... we are very alike... we love people!,within an hour,75%,f,https://a0.muscache.com/im/users/20251406/profile_pic/1408441818/original.jpg?aki_policy=profile_x_medium,t
Daan14@gmail.com,Daan14,Daan,Daan,12345678,1/14/1956,6/3/2019,6/3/2019,"Amsterdam, North Holland, Netherlands",My name is EsmÈe. I'm a journalist from Amsterdam with a passion for travel. Connecting with different cultures strolling through exciting cities and hiking untouched mountain tops are among my top hobbies. I've been a host for friends I met during travels. Now it's time to open up my apartment for more visitors. I'm dedicated to help you have the best Amsterdam experience possible and share my love for the city. ,a few days or more,100%,f,https://a0.muscache.com/im/users/4203731/profile_pic/1354190543/original.jpg?aki_policy=profile_x_medium,f
Marit15@gmail.com,Marit15,Marit,Marit,12345678,1/15/1956,5/19/2019,5/19/2019,NL,,a few days or more,75%,f,https://a0.muscache.com/im/pictures/user/82499af8-2412-40f7-a70b-3e178a11e057.jpg?aki_policy=profile_x_medium,t
Erik16@gmail.com,Erik16,Erik,Erik,12345678,1/16/1956,8/27/2018,8/27/2018,NL,,a few days or more,75%,t,https://a0.muscache.com/im/users/9988208/profile_pic/1413734998/original.jpg?aki_policy=profile_x_medium,f
Tom17@gmail.com,Tom17,Tom,Tom,12345678,1/17/1956,7/26/2016,7/26/2016,"Amsterdam, North Holland, Netherlands",,within an hour,100%,f,https://a0.muscache.com/im/pictures/user/e2839002-7c88-4035-8d69-345808f24995.jpg?aki_policy=profile_x_medium,f
Rob18@gmail.com,Rob18,Rob,Rob,12345678,1/18/1956,3/20/2014,3/20/2014,"Amsterdam, North Holland, The Netherlands",,a few days or more,75%,f,https://a0.muscache.com/im/users/9263305/profile_pic/1430903622/original.jpg?aki_policy=profile_x_medium,f
Madelijn19@gmail.com,Madelijn19,Madelijn,Madelijn,12345678,1/19/1956,7/19/2012,7/19/2012,Nederland,Hi I'm Corey. I have lived in the Netherlands for the last 20 years and in Amsterdam since 1 January 2014. I work at an International School and have made myself home here in Holland. The people and culture are warm and I'm sure you'll enjoy your stay here. I enjoy traveling guitargoing out with friends and sailing among other things and as you are reading this I am probably doing one of these things right now :) Feel free to contact me anytime.,a few days or more,75%,f,https://a0.muscache.com/im/users/2985908/profile_pic/1342684218/original.jpg?aki_policy=profile_x_medium,f
Janneke20@gmail.com,Janneke20,Janneke,Janneke,12345678,1/20/1956,1/31/2018,1/31/2018,"Amsterdam, North Holland, Netherlands",Mexican married with a Dutch professional in Tourism and happy traveller. Welcome to my house. Mi casa es su casa!.,within an hour,75%,f,https://a0.muscache.com/im/users/2181530/profile_pic/1421822372/original.jpg?aki_policy=profile_x_medium,t
Leonie21@gmail.com,Leonie21,Leonie,Leonie,12345678,1/21/1956,11/10/2014,11/10/2014,"Amsterdam, North Holland, The Netherlands",Maurits moved in with his girlfriend Stephanie they especially love to spend their summer nights on the balcony and enjoy the beautiful view and watch the boats pass by. ,a few days or more,75%,f,https://a0.muscache.com/im/users/8542750/profile_pic/1377933994/original.jpg?aki_policy=profile_x_medium,t
Laurens22@gmail.com,Laurens22,Laurens,Laurens,12345678,1/22/1956,4/13/2016,4/13/2016,"Amsterdam, North Holland, Netherlands","Hi I am a 29-year old and work and live in Amsterdam. In my spare time I love to travel. When in Amsterdam I'd like to go out for dinner/lunch/coffee/drinks with friends. Other interests are running food and fashion.
Cheers!",within an hour,100%,t,https://a0.muscache.com/im/users/16223386/profile_pic/1401599685/original.jpg?aki_policy=profile_x_medium,t
Rachel23@gmail.com,Rachel23,Rachel,Rachel,12345678,1/23/1956,2/8/2020,2/8/2020,"Amsterdam, Noord-Holland, Netherlands",My name is Martijn this is my pied-‡-terre. I work for a big tire manufacturing company and when Iím not travelling Iím enjoying Amsterdam during the week. In the weekends I live with my family in the east part of the Netherlands on the country side. ,a few days or more,100%,t,https://a0.muscache.com/im/pictures/user/a8e9a12d-a00d-40d7-a4fb-e926a138be88.jpg?aki_policy=profile_x_medium,t
Sofia24@gmail.com,Sofia24,Sofia,Sofia,12345678,1/24/1956,2/11/2016,2/11/2016,"Amsterdam, North Holland, Netherlands",,a few days or more,75%,f,https://a0.muscache.com/im/pictures/user/5d6849ec-c61b-491f-a0ec-38231ac6cc05.jpg?aki_policy=profile_x_medium,t
Lynette25@gmail.com,Lynette25,Lynette,Lynette,12345678,1/25/1956,2/24/2013,2/24/2013,"Amsterdam, North Holland, Netherlands",Wij wonen op het vrachtschip De Flamingo gebouwd in 1930.  We bewonen het samen en regelmatig zijn Peter zijn 2 kinderen aan boord. Het schip is 5.15 breed & 39 mtr. lang en gebouwd voor de Belgische & Franse kanalen. In 1995 is het schip uit de vaart gegaan en omgebouwd tot varend woonschip. We spenderen veel tijd om het schip mooi te houden. Sinds kort ligt het schip op een vaste ligplaats waar we vanaf het grote buiten terras  kunnen genieten van het prachtige weidse uitzicht op het pittoreske Durgerdam het IJvuur en natuurlijk het Markermeer. Ook springen we geregeld in het schone water!,within an hour,75%,f,https://a0.muscache.com/im/pictures/user/bd26d54c-d61a-4d23-936f-ca02bff0cf15.jpg?aki_policy=profile_x_medium,f
I26@gmail.com,I26,I,I,12345678,1/26/1956,5/6/2018,5/6/2018,Netherlands,Niet van origine een Amsterdammer maar kan niet meer zonder deze stad. Ik werk keihard voor en in het onderwijs. Ik ben gek op ruimtes inrichten en mooi maken met weinig middelen. ,a few days or more,75%,f,https://a0.muscache.com/im/pictures/user/f4806861-85f4-4f7d-8b29-3ae6f2f3e4d1.jpg?aki_policy=profile_x_medium,t
Stephany27@gmail.com,Stephany27,Stephany,Stephany,12345678,1/27/1956,5/7/2013,5/7/2013,"Amsterdam, North Holland, Netherlands",We are an American/British couple with a three year old son currently living in  the Haarlemmerbuurt in Amsterdam. We work in the areas of women's rights and the law (but not together!) We love to eat drink and travel - as much as life allows! ,within an hour,100%,t,https://a0.muscache.com/im/pictures/user/f48059cc-e8a8-4ece-9874-042fc32d086a.jpg?aki_policy=profile_x_medium,f
Amarah28@gmail.com,Amarah28,Amarah,Amarah,12345678,1/28/1956,12/27/2016,12/27/2016,"Istanbul, ?stanbul, Turkey",A beautiful houseboat in the city centre of Amsterdam very comfortable containing everything you need for a unique stay in Amsterdam! ,within a few hours,67%,t,https://a0.muscache.com/im/pictures/user/5c02db5e-ad65-4434-87c6-ad2459ea53f1.jpg?aki_policy=profile_x_medium,t
Marco29@gmail.com,Marco29,Marco,Marco,12345678,1/29/1956,4/25/2015,4/25/2015,"Amsterdam, North Holland, Netherlands",,a few days or more,75%,t,https://a0.muscache.com/im/users/1451657/profile_pic/1323124506/original.jpg?aki_policy=profile_x_medium,t
Iris30@gmail.com,Iris30,Iris,Iris,12345678,1/30/1956,6/16/2014,6/16/2014,"Amsterdam, North Holland, The Netherlands",married love to travel love to sport,within a day,75%,f,https://a0.muscache.com/im/users/6797351/profile_pic/1370683613/original.jpg?aki_policy=profile_x_medium,f
OlafAndMark31@gmail.com,OlafAndMark31,Olaf And Mark,Olaf And Mark,12345678,1/31/1956,8/27/2015,8/27/2015,"Amsterdam, North Holland, Netherlands",,within an hour,100%,t,https://a0.muscache.com/im/pictures/user/03ca65ed-2c91-4337-a493-58594179cb76.jpg?aki_policy=profile_x_medium,t
Carolina32@gmail.com,Carolina32,Carolina,Carolina,12345678,2/1/1956,4/23/2015,4/23/2015,"Amsterdam, North Holland, Netherlands","Hi all 

We are a young couple living in Amsterdam we are both recent graduates and like to share our Amsterdam apartment with others while traveling. Besides traveling we both like to excerise read and listen to music. 
The appartment is light cozy and feels very homey and is perfectly suited for 2. Located on the edge of the popular Jordan area next to the Westerpark (great on sunny days nice bars and restaurants and Sunday markets) and close to the Amsterdam city center! Public transportation is 100m walk for bus and  tram. 

We hope to be able to welcome you to our apartment!

Regards 
Bauke and Leontien",a few days or more,75%,f,https://a0.muscache.com/im/pictures/user/83b69281-fbfd-4dee-8772-eb4e486ce171.jpg?aki_policy=profile_x_medium,f
Mels33@gmail.com,Mels33,Mels,Mels,12345678,2/2/1956,7/8/2016,7/8/2016,"Amsterdam, North Holland, Netherlands",My name is Inez I'm from Amsterdam and work as a psychologist. ,a few days or more,75%,t,https://a0.muscache.com/im/pictures/user/b1139626-39a0-41fa-a6cd-cf7358d7f381.jpg?aki_policy=profile_x_medium,t
Leonie34@gmail.com,Leonie34,Leonie,Leonie,12345678,2/3/1956,4/21/2014,4/21/2014,"Amsterdam, North Holland, Netherlands","A social worker in his late twenties who loves running conversations&good food and books. I love the city of Amsterdam and have been living here all my life. 
Since I live with my girlfriend it's nice to Airbnb my home a few days of the month. it's really nice to meet new people and helping to experience Amsterdam and have a great stay!",a few days or more,75%,f,https://a0.muscache.com/im/users/8542750/profile_pic/1377933994/original.jpg?aki_policy=profile_x_medium,t
Nassira35@gmail.com,Nassira35,Nassira,Nassira,12345678,2/4/1956,7/3/2013,7/3/2013,"Amsterdam, North Holland, Netherlands",,a few days or more,100%,t,https://a0.muscache.com/im/pictures/user/56b7254d-7354-4702-b8ca-17ff59360e1d.jpg?aki_policy=profile_x_medium,f
Inge36@gmail.com,Inge36,Inge,Inge,12345678,2/5/1956,11/5/2015,11/5/2015,"Amsterdam, North Holland, Netherlands",We rent out apartments for locals with local hosts to make sure you have a wonderful stay!,within an hour,75%,f,https://a0.muscache.com/im/users/5617764/profile_pic/1364225767/original.jpg?aki_policy=profile_x_medium,f
CarlottaFrank37@gmail.com,CarlottaFrank37,Carlotta & Frank,Carlotta & Frank,12345678,2/6/1956,4/4/2016,4/4/2016,"Amsterdam, North Holland, Netherlands",,a few days or more,75%,f,https://a0.muscache.com/im/pictures/user/c9388176-cc4b-4c9d-ac26-f89d3a988fe6.jpg?aki_policy=profile_x_medium,t
José38@gmail.com,José38,José,José,12345678,2/7/1956,1/4/2015,1/4/2015,"Amsterdam, North Holland, Netherlands",,a few days or more,75%,f,#N/A,t
Henn39@gmail.com,Henn39,Henn,Henn,12345678,2/8/1956,12/8/2018,12/8/2018,NL,I'm American and am still in love with the Netherlands after 10 years.  I ended up buying this place because I wanted the real experience of living in the rustic center near canals shops and truly being a local.  I'm also a passionate traveller and like to hop around the world to see new places. That's why I leave my home in trusting hands when I'm gone :),within a day,75%,f,https://a0.muscache.com/im/pictures/user/ee333fbd-f2ce-4c14-badb-8e79d89e9930.jpg?aki_policy=profile_x_medium,f
Trix40@gmail.com,Trix40,Trix,Trix,12345678,2/9/1956,10/11/2015,10/11/2015,"Amsterdam, North Holland, Netherlands",,within a day,75%,f,https://a0.muscache.com/im/pictures/user/83d54e00-69b1-47a0-b916-5ee26f59d4e3.jpg?aki_policy=profile_x_medium,f
Hugo41@gmail.com,Hugo41,Hugo,Hugo,12345678,2/10/1956,7/8/2014,7/8/2014,"Amsterdam, North Holland, The Netherlands",,within a day,75%,f,https://a0.muscache.com/im/users/35481000/profile_pic/1433960202/original.jpg?aki_policy=profile_x_medium,f
Estelle42@gmail.com,Estelle42,Estelle,Estelle,12345678,2/11/1956,6/11/2016,6/11/2016,"Amsterdam, North Holland, Netherlands",,a few days or more,100%,f,https://a0.muscache.com/im/pictures/user/79f8ea0a-ba65-4cae-963d-919548ca253a.jpg?aki_policy=profile_x_medium,t
Chun43@gmail.com,Chun43,Chun,Chun,12345678,2/12/1956,5/24/2016,5/24/2016,"Amsterdam, North Holland, Netherlands","We're Ruben&Viki from Amsterdam and we love to travel!  
Amsterdam is an amazing city but we very much like to explore new worlds. Together we started yoga studio Tula and besides yoga we highly appreciate great wines wonderful food and interesting people.
As a host we are more than happy to tell you all the highlights of Amsterdam which are usually not the touristy sights.
The only thing we ask from guests is that they like cats. We have a beautiful small cat named Tuli :-)",a few days or more,75%,f,https://a0.muscache.com/im/pictures/user/1aa33597-6c03-4697-899e-c575e87c4f70.jpg?aki_policy=profile_x_medium,t
Janneke44@gmail.com,Janneke44,Janneke,Janneke,12345678,2/13/1956,9/18/2012,9/18/2012,"Amsterdam, North Holland, Netherlands",Living in the same building as the apartment my core business is working as an architect. I regulary play squash and like good healthy food together with quality wine. I design and create kinematical mechanical art with modular systems like Meccano and FAC. Just invite yourself to my place and I will show you my work.,within a few hours,75%,f,https://a0.muscache.com/im/users/2181530/profile_pic/1421822372/original.jpg?aki_policy=profile_x_medium,f
Reiner45@gmail.com,Reiner45,Reiner,Reiner,12345678,2/14/1956,11/16/2015,11/16/2015,"Amsterdam, North Holland, Netherlands",,within an hour,100%,t,https://a0.muscache.com/im/pictures/user/514cb477-7004-40c1-9715-d59e9744702a.jpg?aki_policy=profile_x_medium,t
Pieter46@gmail.com,Pieter46,Pieter,Pieter,12345678,2/15/1956,8/23/2011,8/23/2011,"Amsterdam, North Holland, The Netherlands",36 year old makeup artist from Amsterdam. Love city trips and nature!,a few days or more,0%,f,https://a0.muscache.com/im/pictures/user/e53d4037-1d29-47de-97a2-61ea2230c1b3.jpg?aki_policy=profile_x_medium,t
Aafke47@gmail.com,Aafke47,Aafke,Aafke,12345678,2/16/1956,3/21/2014,3/21/2014,"Amsterdam, North Holland, Netherlands","Hi!

We are Harmen (28) and Dorien (26) two Dutch people living in Copenhagen.

Our travels mainly consist of short city trips or stays in nature for which we also like to camp out. Hiking cycle touring and eating are some of our main hobbies ;) 

We would love to meet you!  
",a few days or more,75%,f,https://a0.muscache.com/im/users/25386250/profile_pic/1419947851/original.jpg?aki_policy=profile_x_medium,t
YAYSAmsterdamDocklands48@gmail.com,YAYSAmsterdamDocklands48,YAYS Amsterdam Docklands,YAYS Amsterdam Docklands,12345678,2/17/1956,8/26/2019,8/26/2019,"Amsterdam, North Holland, Netherlands",I am Maaike from Amsterdam. I working as eventmanager for company who preserves national heritage.  I like to go museum theater special architecture and my biggest passion is cooking and food.,a few days or more,75%,t,https://a0.muscache.com/im/pictures/user/9a5263f8-8861-48dc-99ad-bc2d15f980c5.jpg?aki_policy=profile_x_medium,t
Bas49@gmail.com,Bas49,Bas,Bas,12345678,2/18/1956,9/16/2015,9/16/2015,NL,We are a family of 3 (wife husband 18 year old son) who enjoy living and working in Amsterdam very much. We have already succesfully rent out our appartment during our Holidays a couple of times. Please check our reviews.,a few days or more,75%,f,https://a0.muscache.com/im/users/2041793/profile_pic/1333203299/original.jpg?aki_policy=profile_x_medium,f
Elien50@gmail.com,Elien50,Elien,Elien,12345678,2/19/1956,8/18/2013,8/18/2013,"Amsterdam, North Holland, The Netherlands",,a few days or more,100%,t,https://a0.muscache.com/im/pictures/user/9dcdd328-452a-4623-9aae-e10111db8230.jpg?aki_policy=profile_x_medium,f
Di51@gmail.com,Di51,Di,Di,12345678,2/20/1956,8/30/2013,8/30/2013,"Oegstgeest, South Holland, Netherlands",Half french half Scottish girl living with my Portuguese husband and our two little boys in the South of France,a few days or more,100%,f,https://a0.muscache.com/im/users/8526120/profile_pic/1436720003/original.jpg?aki_policy=profile_x_medium,f
NoName52@gmail.com,NoName52,NoName,NoName,12345678,2/21/1956,8/31/2013,8/31/2013,"Oegstgeest, South Holland, Netherlands",,a few days or more,75%,f,#N/A,f
Linda53@gmail.com,Linda53,Linda,Linda,12345678,2/22/1956,12/23/2013,12/23/2013,"Amsterdam, North Holland, Netherlands",Wittenberg is a monumental short stay building offering modern accommodation in Amsterdam's residential area. Carre Theater and the Dutch National Opera & Ballet are just 500 meters from the property. All other city highlights are easily accessible by pubic transport. All apartments are fully equipped including flat-screen TVs (Smart HD TV) dishwasher oven and microwave. Each has its own bathroom with free toiletries and a hairdryer. For your comfort towels bed linen and a weekly housekeeping are provided. Some apartments also feature a washing machine and there are public laundry rooms. The Hermitage Museum is just 650 meters away while Artis Zoo is only 400 meters from Wittenberg. The nearest airport is Schiphol Airport 12 km away or a 30-minute drive by car. ,within an hour,75%,f,https://a0.muscache.com/im/users/30429215/profile_pic/1427919156/original.jpg?aki_policy=profile_x_medium,f
Djoeke54@gmail.com,Djoeke54,Djoeke,Djoeke,12345678,2/23/1956,1/11/2016,1/11/2016,"Amsterdam, North Holland, Netherlands",I am a self employed reporter living in Amsterdam.,within a few hours,75%,f,https://a0.muscache.com/im/pictures/user/f2e07404-3057-4636-a157-4e2215f69deb.jpg?aki_policy=profile_x_medium,t
Dorus55@gmail.com,Dorus55,Dorus,Dorus,12345678,2/24/1956,5/20/2014,5/20/2014,"Amsterdam, North Holland, The Netherlands",,a few days or more,75%,f,https://a0.muscache.com/im/users/16044391/profile_pic/1429632458/original.jpg?aki_policy=profile_x_medium,t
Hinde56@gmail.com,Hinde56,Hinde,Hinde,12345678,2/25/1956,11/22/2012,11/22/2012,"Amsterdam, Noord-Holland, The Netherlands",Ik leef mijn hele leven al in Amsterdam en ik ken de stad op mijn duimpje.    ,within a day,100%,f,https://a0.muscache.com/im/pictures/user/f4cc8da6-8fed-48d5-86cb-e14dab766545.jpg?aki_policy=profile_x_medium,t
Quynh57@gmail.com,Quynh57,Quynh,Quynh,12345678,2/26/1956,12/12/2013,12/12/2013,"Amsterdam, North Holland, Netherlands",Ik houd ervan om op ontdekkingstocht te gaan in mijn eigen omgeving het liefst de natuur in op de fiets om daar ecologisch onderzoek te doen.,within an hour,75%,f,https://a0.muscache.com/im/pictures/user/e91f7426-3602-43ce-a36b-eff94b168b05.jpg?aki_policy=profile_x_medium,f
JasonLotte58@gmail.com,JasonLotte58,Jason & Lotte,Jason & Lotte,12345678,2/27/1956,6/17/2013,6/17/2013,"Amsterdam, North Holland, The Netherlands",,within a few hours,50%,f,https://a0.muscache.com/im/users/6952882/profile_pic/1371460835/original.jpg?aki_policy=profile_x_medium,f
Heleen59@gmail.com,Heleen59,Heleen,Heleen,12345678,2/28/1956,10/1/2015,10/1/2015,"Amsterdam, North Holland, Netherlands","With my family children Sarah & Thom and their father and love of my life Marijn I live in Amsterdam. 
We love the city a lot but our favorite trips lead us towards virgin beaches. While we are out of town you can enjoy our Amsterdam city apartement!",within a day,75%,f,https://a0.muscache.com/im/pictures/user/ac3b0e16-c060-4fa8-a630-d5fe24db417b.jpg?aki_policy=profile_x_medium,f
Sandra60@gmail.com,Sandra60,Sandra,Sandra,12345678,2/29/1956,10/25/2015,10/25/2015,"Amsterdam, North Holland, Netherlands",Working as Captain on a canal cruise boat in Amsterdam.,within an hour,75%,f,https://a0.muscache.com/im/pictures/user/d1e1beae-1bc5-488b-a323-0f9fc6e313c2.jpg?aki_policy=profile_x_medium,t
Kathelijn61@gmail.com,Kathelijn61,Kathelijn,Kathelijn,12345678,3/1/1956,8/13/2014,8/13/2014,"Amsterdam, North Holland, The Netherlands",,a few days or more,75%,f,https://a0.muscache.com/im/pictures/user/4799b2e3-bbb8-46c3-8317-fbb7b8533ded.jpg?aki_policy=profile_x_medium,f
Marie62@gmail.com,Marie62,Marie,Marie,12345678,3/2/1956,12/27/2014,12/27/2014,"Amsterdam, North Holland, Netherlands",I own a hotel in Amsterdam and manage properties for friends. I am the perfect host that will make your stay unforgettable! Looking forward to meet you!,within an hour,75%,f,https://a0.muscache.com/im/users/2539835/profile_pic/1397894962/original.jpg?aki_policy=profile_x_medium,t
Wouter63@gmail.com,Wouter63,Wouter,Wouter,12345678,3/3/1956,1/26/2014,1/26/2014,"Amsterdam, North Holland, The Netherlands",I live in Amsterdam but origanally I'm from the South of Holland. I like to travel play tennis and enjoy my time with good friends and food. My job is to teach students at a school for hospitality. Before that I teached kids at the age of 14-18 who had behaviour problems. ,a few days or more,75%,f,https://a0.muscache.com/im/users/1811434/profile_pic/1431984305/original.jpg?aki_policy=profile_x_medium,t
Lisa64@gmail.com,Lisa64,Lisa,Lisa,12345678,3/4/1956,4/8/2013,4/8/2013,"Amsterdam, North Holland, The Netherlands",I like Airbnb because it helps people to share their home and meet travelers and citizens you would otherwise not speak to. ,within an hour,75%,f,https://a0.muscache.com/im/pictures/user/529583e0-23aa-40eb-8bb4-a641e020d3f4.jpg?aki_policy=profile_x_medium,t
Evert65@gmail.com,Evert65,Evert,Evert,12345678,3/5/1956,8/3/2018,8/3/2018,NL,,a few days or more,75%,f,https://a0.muscache.com/im/users/6533193/profile_pic/1369287600/original.jpg?aki_policy=profile_x_medium,t
Ingrid66@gmail.com,Ingrid66,Ingrid,Ingrid,12345678,3/6/1956,9/6/2016,9/6/2016,"Amsterdam, North Holland, Netherlands","Hello
I am Henriette living in Amsterdam since 1983 on several places.
I was born in Eindhoven in the South of Holland and studied at the University of Nijmegen and Amsterdam political science and film-science.
Many years I worked as a film/video/performance programmer in theatres. 
Since 1990 I am working as a TV journalist and now for many years for a current affairs program. 
I love my work. And I really enjoy going to arthouse movies experimental cinema music and dance.  
Traveling and seeing other cultures makes me happy as well as meeting my family eating with friends and biking with my partner.
I already have a B&B since 1999.  I like it so much : it enriches my life meeting all kinds of different people.


",within a few hours,100%,t,https://a0.muscache.com/im/pictures/user/cd9b30e7-053e-4b34-b295-bb16cb01ace9.jpg?aki_policy=profile_x_medium,f
Ehab67@gmail.com,Ehab67,Ehab,Ehab,12345678,3/7/1956,8/31/2014,8/31/2014,Netherlands,,within an hour,0%,f,https://a0.muscache.com/im/pictures/user/7b87f0c8-2d18-4c14-988b-c890effc9b72.jpg?aki_policy=profile_x_medium,t
Pauline68@gmail.com,Pauline68,Pauline,Pauline,12345678,3/8/1956,11/22/2015,11/22/2015,"Amsterdam, North Holland, Netherlands",,within an hour,75%,f,https://a0.muscache.com/im/pictures/user/caf035e7-7c7d-4441-9901-0366d7aa81ec.jpg?aki_policy=profile_x_medium,t
Adriana69@gmail.com,Adriana69,Adriana,Adriana,12345678,3/9/1956,7/25/2014,7/25/2014,"Amsterdam, North Holland, Netherlands",I Am Rolf. ,a few days or more,75%,f,https://a0.muscache.com/im/users/33143316/profile_pic/1431381596/original.jpg?aki_policy=profile_x_medium,t
Jonthy70@gmail.com,Jonthy70,Jonthy,Jonthy,12345678,3/10/1956,6/11/2015,6/11/2015,"Amsterdam, North Holland, Netherlands",,a few days or more,75%,f,https://a0.muscache.com/im/pictures/user/c58ca433-cea3-4c5a-9c37-3c3cf87f7868.jpg?aki_policy=profile_x_medium,t
AndreaRob71@gmail.com,AndreaRob71,Andrea & Rob,Andrea & Rob,12345678,3/11/1956,4/2/2011,4/2/2011,"Amsterdam, North Holland, Netherlands",,a few days or more,75%,f,https://a0.muscache.com/im/pictures/user/9aea74e2-30cb-4b21-96b6-78c14d6a37db.jpg?aki_policy=profile_x_medium,t
ClinkNOORD72@gmail.com,ClinkNOORD72,ClinkNOORD,ClinkNOORD,12345678,3/12/1956,2/25/2019,2/25/2019,GB,My wife and I are travelers. We travel for work or for vacations. If I can recall correctly we have been to almost 20+ countries till now and lucky to meet people from different cultures and nationalities. ,a few days or more,81%,f,https://a0.muscache.com/im/pictures/user/e1a0328f-a408-4088-854e-9803e6cc716d.jpg?aki_policy=profile_x_medium,t
Mo73@gmail.com,Mo73,Mo,Mo,12345678,3/13/1956,6/18/2015,6/18/2015,"Amsterdam, North Holland, Netherlands",I like photography and love cooking together with my wife who is much more passionate about cooking than I am :-),a few days or more,75%,f,https://a0.muscache.com/im/pictures/user/e602696d-3354-4eee-aed1-d0119d1bcb02.jpg?aki_policy=profile_x_medium,t
Stephan74@gmail.com,Stephan74,Stephan,Stephan,12345678,3/14/1956,10/26/2011,10/26/2011,"Amsterdam, Noord-Holland, The Netherlands","Hi We are 31 and 30 years old and enjoy living in Amsterdam. We fell in love with this city the moment we came to live here and never left. Because we love the to enjoy the city as much as possible we love living in the city center. Our apartment is really quite though. So your sleeping night will not be interrupted. 

We would love to welcome you in our beloved home and give you some tips about exploring the city. 

See you in Amsterdam!",within a few hours,100%,f,https://a0.muscache.com/im/users/1336633/profile_pic/1328463417/original.jpg?aki_policy=profile_x_medium,f
Myrthe75@gmail.com,Myrthe75,Myrthe,Myrthe,12345678,3/15/1956,4/29/2019,4/29/2019,"Amsterdam, North Holland, Netherlands",I am Greek and live with my dutch husband in Amsterdam since 2001. We love to travel and Greece is off course our favourite destination. Cooking is what I love to do  and in my kitchen you will find all you need for home cooking.,a few days or more,100%,f,https://a0.muscache.com/im/users/3136773/profile_pic/1412773858/original.jpg?aki_policy=profile_x_medium,t
Reinier76@gmail.com,Reinier76,Reinier,Reinier,12345678,3/16/1956,8/12/2015,8/12/2015,"Amsterdam, North Holland, Netherlands",We are Demian & Eunice. Demian from Argentina Patagonia and Eunice from Holland. We live in a lovely little paradise in Amsterdam and enjoy this beautiful city every minute we are there!!,a few days or more,75%,f,https://a0.muscache.com/im/users/38144075/profile_pic/1436612137/original.jpg?aki_policy=profile_x_medium,f
JanJaap77@gmail.com,JanJaap77,Jan Jaap,Jan Jaap,12345678,3/17/1956,9/1/2015,9/1/2015,"Amsterdam, North Holland, Netherlands",,a few days or more,100%,f,https://a0.muscache.com/im/pictures/user/7d324029-3abd-4a93-b0d8-b7edf21f944e.jpg?aki_policy=profile_x_medium,f
HsiuYen78@gmail.com,HsiuYen78,Hsiu Yen,Hsiu Yen,12345678,3/18/1956,1/31/2019,1/31/2019,NL,"Hello we are a happy family in Amsterdam-East :-)
Our kids are now 8 10 and 12 years old. When we travel abroad or enjoy beautiful other parts of the Lowlands we like to share our place

",within an hour,100%,f,https://a0.muscache.com/im/pictures/user/9fb917de-3cfb-4ace-9027-b4053c6a9a7d.jpg?aki_policy=profile_x_medium,t
Wouter79@gmail.com,Wouter79,Wouter,Wouter,12345678,3/19/1956,12/17/2013,12/17/2013,"De Pijp, North Holland, The Netherlands",,a few days or more,75%,f,https://a0.muscache.com/im/users/1811434/profile_pic/1431984305/original.jpg?aki_policy=profile_x_medium,t
Csenge80@gmail.com,Csenge80,Csenge,Csenge,12345678,3/20/1956,8/20/2017,8/20/2017,"Amsterdam-Zuidoost, North Holland, Netherlands",,a few days or more,100%,f,https://a0.muscache.com/im/users/43322873/profile_pic/1441356028/original.jpg?aki_policy=profile_x_medium,t
NovaTeam81@gmail.com,NovaTeam81,Nova Team,Nova Team,12345678,3/21/1956,12/19/2012,12/19/2012,"Amsterdam, Noord-Holland, The Netherlands",Traveller.  Digital Nomad. ,a few days or more,91%,f,https://a0.muscache.com/im/pictures/user/ff619140-f330-49f0-b09a-010849cbaa22.jpg?aki_policy=profile_x_medium,t
Ireen82@gmail.com,Ireen82,Ireen,Ireen,12345678,3/22/1956,9/30/2013,9/30/2013,"Amsterdam, North Holland, Netherlands","Hi my name is Merijn living in Amsterdam for 11 years. I really enjoy this vibrant city that surprises me again and again.
In 2014 I bought my own house and that's a joy. Because I are not at home all the time I thought about sharing my house with you the travellers. My crib is close to the city centre but in a quiet and green environment. My style of living is quite simple not too much clutter around the house. Just the things you need and some inspiring/funny decorations and lovely plants.
My hobbies: friends family music enjoying food and drinks to enjoy the small things. And of course travelling. I have been to several parts of the world also for longer periods of time. 
I speak English some Spanish Dutch and some German.
I would love to meet new people from around the world so be my guest!
Greetings
Merijn",within a few hours,75%,f,https://a0.muscache.com/im/users/9135853/profile_pic/1437660026/original.jpg?aki_policy=profile_x_medium,f
Rick83@gmail.com,Rick83,Rick,Rick,12345678,3/23/1956,4/10/2014,4/10/2014,"Amsterdam, North Holland, Netherlands","Hi there hello I'm Mark.

A welcoming Dutch guy gay easygoing and with a broad interest.

Have been hosting via Airbnb for some time now and so far it has been an awesome experience. It's lovely to share this unique location and meet all kinds of super-nice people from across the globe.

If you have any questions please feel free to ask.

Feel welcome at home and maybe see you soon ;)",within a few hours,100%,t,https://a0.muscache.com/im/pictures/user/916415ab-d6b0-4ff7-a4fc-d26311716367.jpg?aki_policy=profile_x_medium,f
Lies84@gmail.com,Lies84,Lies,Lies,12345678,3/24/1956,10/13/2015,10/13/2015,"Amsterdam, North Holland, Netherlands",Anita and Paul are both journalists. We make a lot of radioreports abroad especially in Eastern Europe. We are very interested in culture and love to give people information about the cultural events in Amsterdam.,within a few hours,100%,f,https://a0.muscache.com/im/pictures/user/74aaf538-c463-4b66-9827-db8c6a24e852.jpg?aki_policy=profile_x_medium,f
Chantal85@gmail.com,Chantal85,Chantal,Chantal,12345678,3/25/1956,10/15/2019,10/15/2019,NL,Languages: English Deutsch FranÁais Romanes i malo Srpski/Hrvatski.,a few days or more,75%,f,https://a0.muscache.com/im/pictures/user/cf644062-4f6e-43c7-8e0e-9c07d4a27910.jpg?aki_policy=profile_x_medium,t
L86@gmail.com,L86,L,L,12345678,3/26/1956,8/12/2015,8/12/2015,"Amsterdam, North Holland, Netherlands",,within an hour,100%,f,https://a0.muscache.com/im/pictures/user/37740c2f-b4a7-4516-a8b6-e156fbe256f5.jpg?aki_policy=profile_x_medium,t
Jona87@gmail.com,Jona87,Jona,Jona,12345678,3/27/1956,8/17/2014,8/17/2014,"Amsterdam, North Holland, The Netherlands",A travel enthusiast currently making a stop in Amsterdam. ,a few days or more,75%,f,https://a0.muscache.com/im/pictures/user/8ffb50b0-0f2b-41fd-9009-1acf2d7c8511.jpg?aki_policy=profile_x_medium,t
Marte88@gmail.com,Marte88,Marte,Marte,12345678,3/28/1956,10/7/2011,10/7/2011,"Amsterdam, Noord-Holland, The Netherlands",,within an hour,75%,f,https://a0.muscache.com/im/users/5917557/profile_pic/1397159499/original.jpg?aki_policy=profile_x_medium,t
AliceAndRo89@gmail.com,AliceAndRo89,Alice And Ro,Alice And Ro,12345678,3/29/1956,7/1/2015,7/1/2015,"Amsterdam, North Holland, Netherlands",,a few days or more,75%,f,https://a0.muscache.com/im/pictures/user/1f2c9120-4c18-411d-9d0e-2d9de8a3678f.jpg?aki_policy=profile_x_medium,f
Philip90@gmail.com,Philip90,Philip,Philip,12345678,3/30/1956,12/14/2019,12/14/2019,Netherlands,"I am a former journalist especially interested in sustainability and the environment yoga and mindfulness the non-profit sector international affairs development journalism travelling delicious cooking etc etc 
A couple of times per year my home is available for home exchange and -more rarely- to stay via airbnb. 

After almost 15 years I still love Amsterdam like the first day there is so much happening and so much to discover...you will find a dozen Amsterdam guides at my place... a I wrote a mini city guide myself a few years ago.
",within a day,75%,f,https://a0.muscache.com/im/pictures/user/90b926c4-c0af-464f-b986-6ab18c2b9345.jpg?aki_policy=profile_x_medium,t
Raymond91@gmail.com,Raymond91,Raymond,Raymond,12345678,3/31/1956,4/25/2012,4/25/2012,"Amsterdam, Noord-Holland, The Netherlands",,within a day,75%,f,https://a0.muscache.com/im/pictures/user/00f9d4e7-a503-46b6-9f1e-c04e8c4bccd2.jpg?aki_policy=profile_x_medium,t
Nasrien92@gmail.com,Nasrien92,Nasrien,Nasrien,12345678,4/1/1956,2/16/2016,2/16/2016,NL,,a few days or more,75%,f,https://a0.muscache.com/im/pictures/user/7243cac1-fcea-4cea-b863-40ede5251b8c.jpg?aki_policy=profile_x_medium,f
Willie93@gmail.com,Willie93,Willie,Willie,12345678,4/2/1956,4/23/2017,4/23/2017,NL,,a few days or more,75%,f,https://a0.muscache.com/im/pictures/user/c728fbf2-5c4c-4245-927b-fab21338763d.jpg?aki_policy=profile_x_medium,f
Reinier94@gmail.com,Reinier94,Reinier,Reinier,12345678,4/3/1956,12/2/2014,12/2/2014,"Amsterdam, North Holland, Netherlands",Hi we are Anouk and Ruben. Two students in philosophy. We enjoy living in our appartment a lot but it also comes at quite a high rent. To help out with this we rent out via airbnb once in a while.,a few days or more,75%,f,https://a0.muscache.com/im/users/38144075/profile_pic/1436612137/original.jpg?aki_policy=profile_x_medium,t
Ellen95@gmail.com,Ellen95,Ellen,Ellen,12345678,4/4/1956,7/10/2013,7/10/2013,"Amsterdam, North Holland, The Netherlands",,within a few hours,75%,f,https://a0.muscache.com/im/pictures/user/ba7db908-3843-4e4a-a1aa-7a7e581666e9.jpg?aki_policy=profile_x_medium,f
Mike96@gmail.com,Mike96,Mike,Mike,12345678,4/5/1956,12/3/2019,12/3/2019,NL,I study Chemistry in Amsterdam and am originally from Germany.,a few days or more,100%,t,https://a0.muscache.com/im/pictures/user/9f0c2db1-b18b-4a12-ad88-ae6ce3dff030.jpg?aki_policy=profile_x_medium,t
Marc97@gmail.com,Mar-97,Marc,Marc,12345678,4/6/1956,4/23/2015,4/23/2015,"Amsterdam, North Holland, Netherlands",,within a few hours,75%,f,https://a0.muscache.com/im/pictures/user/b586de23-ac4a-40bf-a9da-e2cba2fc9a25.jpg?aki_policy=profile_x_medium,t
Marike98@gmail.com,Marike98,Marike,Marike,12345678,4/7/1956,6/20/2013,6/20/2013,"Amsterdam, North Holland, Netherlands",Friendly very neat and clean and wants to make our guest feel both at home and on vacation. Everything you need will be here!,a few days or more,75%,f,https://a0.muscache.com/im/pictures/user/0ef00120-ed82-456e-ae58-cfa744a086ca.jpg?aki_policy=profile_x_medium,t
BellsBoutiqueHotel99@gmail.com,BellsBoutiqueHotel99,Bells Boutique Hotel,Bells Boutique Hotel,12345678,4/8/1956,1/5/2021,1/5/2021,"Amsterdam, Noord-Holland, Netherlands","I have been a Superhost for 7 years hosting homes in Cape Town & Amsterdam.
Passionate about people and the beautiful city I am blessed to live in. 
Ubuntu - I am me because of you. 
",a few days or more,100%,t,https://a0.muscache.com/im/pictures/user/664132b7-7cfc-44d0-b6ee-0ec9dab300d0.jpg?aki_policy=profile_x_medium,t
Mel100@gmail.com,Mel100,Mel,Mel,12345678,4/9/1956,8/6/2013,8/6/2013,"Amsterdam, North Holland, Netherlands",I like it when more people can enjoy the wonderful home that I own. While in Amsterdam you will experience the peace and tranquility that you normally only find outside the city. ,a few days or more,75%,f,https://a0.muscache.com/im/pictures/user/c5f9cb94-073d-495e-8543-459c92896b1c.jpg?aki_policy=profile_x_medium,f
